id_detalle,id_operacion,id_producto,cantidad,precio_unitario,subtotal
1,1,7,1,18.00,18.00
2,1,5,6,445.00,2670.00
3,1,20,2,53.05,106.10
4,2,20,6,53.05,318.30
5,2,11,4,62.31,249.24
6,2,1,1,145.00,145.00
7,3,25,3,120.00,360.00
8,3,2,1,220.00,220.00
9,3,21,4,80.41,321.64
10,4,3,3,295.00,885.00
11,4,4,5,370.00,1850.00
12,4,4,1,370.00,370.00
13,4,26,1,174.49,174.49
14,5,6,5,520.00,2600.00
15,5,26,1,174.49,174.49
16,5,15,4,83.33,333.32
17,5,7,2,18.00,36.00
18,6,9,4,33.49,133.96
19,7,6,2,520.00,1040.00
20,7,2,5,220.00,1100.00
21,7,25,5,120.00,600.00
22,8,10,3,45.68,137.04
23,8,9,6,33.49,200.94
24,8,5,6,445.00,2670.00
25,8,2,2,220.00,440.00
26,9,23,1,184.73,184.73
27,9,6,3,520.00,1560.00
28,10,1,4,145.00,580.00
29,10,4,3,370.00,1110.00
30,10,10,6,45.68,274.08
31,11,26,2,174.49,348.98
32,11,20,5,53.05,265.25
33,12,24,3,280.00,840.00
34,12,4,2,370.00,740.00
35,12,2,5,220.00,1100.00
36,13,8,3,24.55,73.65
37,13,26,6,174.49,1046.94
38,14,27,4,253.72,1014.88
39,14,17,3,154.32,462.96
40,14,16,2,113.40,226.80
41,14,20,2,53.05,106.10
42,15,16,6,113.40,680.40
43,16,25,2,120.00,240.00
44,16,12,2,85.00,170.00
45,16,28,5,368.92,1844.60
46,16,24,5,280.00,1400.00
47,17,13,1,45.00,45.00
48,17,28,4,368.92,1475.68
49,17,17,4,154.32,617.28
50,17,16,3,113.40,340.20
51,18,22,1,121.88,121.88
52,18,26,1,174.49,174.49
53,18,25,4,120.00,480.00
54,19,21,3,80.41,241.23
55,19,2,4,220.00,880.00
56,20,10,2,45.68,91.36
57,20,7,5,18.00,90.00
58,21,18,6,210.00,1260.00
59,21,28,1,368.92,368.92
60,21,7,3,18.00,54.00
61,22,12,3,85.00,255.00
62,22,26,3,174.49,523.47
63,22,21,6,80.41,482.46
64,22,4,3,370.00,1110.00
65,23,12,1,85.00,85.00
66,23,2,5,220.00,1100.00
67,24,28,1,368.92,368.92
68,24,27,4,253.72,1014.88
69,24,15,1,83.33,83.33
70,24,23,1,184.73,184.73
71,25,14,6,61.24,367.44
72,26,23,4,184.73,738.92
73,26,1,3,145.00,435.00
74,26,20,2,53.05,106.10
75,27,8,5,24.55,122.75
76,28,21,3,80.41,241.23
77,29,16,6,113.40,680.40
78,29,22,4,121.88,487.52
79,29,3,6,295.00,1770.00
80,29,20,3,53.05,159.15
81,30,27,4,253.72,1014.88
82,30,28,6,368.92,2213.52
83,30,16,1,113.40,113.40
84,30,10,6,45.68,274.08
85,31,12,5,85.00,425.00
86,31,2,5,220.00,1100.00
87,32,8,4,24.55,98.20
88,33,29,1,536.43,536.43
89,33,1,5,145.00,725.00
90,33,14,6,61.24,367.44
91,34,6,4,520.00,2080.00
92,34,11,1,62.31,62.31
93,34,21,3,80.41,241.23
94,34,21,6,80.41,482.46
95,35,26,4,174.49,697.96
96,36,9,1,33.49,33.49
97,36,19,6,35.00,210.00
98,36,5,5,445.00,2225.00
99,36,7,5,18.00,90.00
100,37,10,5,45.68,228.40
101,38,15,1,83.33,83.33
102,38,16,4,113.40,453.60
103,39,1,6,145.00,870.00
104,39,7,6,18.00,108.00
105,40,21,6,80.41,482.46
106,40,22,3,121.88,365.64
107,41,20,3,53.05,159.15
108,41,8,2,24.55,49.10
109,41,5,5,445.00,2225.00
110,42,26,1,174.49,174.49
111,42,7,3,18.00,54.00
112,42,28,6,368.92,2213.52
113,42,25,4,120.00,480.00
114,43,17,1,154.32,154.32
115,43,29,1,536.43,536.43
116,43,8,5,24.55,122.75
117,44,22,3,121.88,365.64
118,44,14,4,61.24,244.96
119,45,28,6,368.92,2213.52
120,45,9,3,33.49,100.47
121,46,21,4,80.41,321.64
122,47,23,5,184.73,923.65
123,47,18,2,210.00,420.00
124,48,5,4,445.00,1780.00
125,48,15,1,83.33,83.33
126,49,24,4,280.00,1120.00
127,49,11,1,62.31,62.31
128,49,4,3,370.00,1110.00
129,50,7,2,18.00,36.00
130,51,22,6,121.88,731.28
131,51,10,2,45.68,91.36
132,51,13,3,45.00,135.00
133,51,22,6,121.88,731.28
134,52,29,6,536.43,3218.58
135,52,2,3,220.00,660.00
136,52,15,5,83.33,416.65
137,53,13,6,45.00,270.00
138,53,2,6,220.00,1320.00
139,54,22,6,121.88,731.28
140,54,23,2,184.73,369.46
141,55,30,6,780.00,4680.00
142,55,22,4,121.88,487.52
143,55,10,1,45.68,45.68
144,56,1,4,145.00,580.00
145,57,23,6,184.73,1108.38
146,57,28,1,368.92,368.92
147,57,2,6,220.00,1320.00
148,58,22,5,121.88,609.40
149,58,17,4,154.32,617.28
150,59,6,6,520.00,3120.00
151,60,13,6,45.00,270.00
152,60,24,5,280.00,1400.00
153,60,16,6,113.40,680.40
154,61,2,6,220.00,1320.00
155,61,16,5,113.40,567.00
156,61,21,6,80.41,482.46
157,62,14,6,61.24,367.44
158,63,13,6,45.00,270.00
159,63,23,2,184.73,369.46
160,64,11,4,62.31,249.24
161,64,23,6,184.73,1108.38
162,65,27,6,253.72,1522.32
163,65,13,2,45.00,90.00
164,65,29,3,536.43,1609.29
165,66,22,3,121.88,365.64
166,66,9,6,33.49,200.94
167,66,30,5,780.00,3900.00
168,67,11,1,62.31,62.31
169,67,12,2,85.00,170.00
170,68,5,2,445.00,890.00
171,68,26,3,174.49,523.47
172,68,13,3,45.00,135.00
173,69,12,6,85.00,510.00
174,69,13,5,45.00,225.00
175,69,11,6,62.31,373.86
176,70,4,4,370.00,1480.00
177,71,30,1,780.00,780.00
178,71,22,6,121.88,731.28
179,71,18,3,210.00,630.00
180,72,30,2,780.00,1560.00
181,72,28,6,368.92,2213.52
182,72,26,3,174.49,523.47
183,72,11,2,62.31,124.62
184,73,12,1,85.00,85.00
185,73,7,6,18.00,108.00
186,73,28,4,368.92,1475.68
187,74,12,6,85.00,510.00
188,75,7,4,18.00,72.00
189,75,11,4,62.31,249.24
190,75,20,6,53.05,318.30
191,75,9,4,33.49,133.96
192,76,25,4,120.00,480.00
193,77,2,3,220.00,660.00
194,78,15,3,83.33,249.99
195,78,4,4,370.00,1480.00
196,78,22,4,121.88,487.52
197,79,15,1,83.33,83.33
198,79,27,5,253.72,1268.60
199,79,5,3,445.00,1335.00
200,79,18,5,210.00,1050.00
201,80,1,1,145.00,145.00
202,81,1,4,145.00,580.00
203,82,10,2,45.68,91.36
204,82,1,4,145.00,580.00
205,83,1,5,145.00,725.00
206,83,27,3,253.72,761.16
207,84,23,6,184.73,1108.38
208,84,30,5,780.00,3900.00
209,84,21,1,80.41,80.41
210,84,1,3,145.00,435.00
211,85,1,5,145.00,725.00
212,85,21,2,80.41,160.82
213,85,11,4,62.31,249.24
214,85,2,4,220.00,880.00
215,86,17,6,154.32,925.92
216,87,6,1,520.00,520.00
217,87,13,2,45.00,90.00
218,88,25,4,120.00,480.00
219,88,29,5,536.43,2682.15
220,88,13,5,45.00,225.00
221,89,17,6,154.32,925.92
222,90,15,1,83.33,83.33
223,91,11,3,62.31,186.93
224,92,2,2,220.00,440.00
225,92,10,6,45.68,274.08
226,92,27,6,253.72,1522.32
227,93,7,1,18.00,18.00
228,93,13,4,45.00,180.00
229,94,10,2,45.68,91.36
230,94,16,5,113.40,567.00
231,95,30,4,780.00,3120.00
232,95,4,3,370.00,1110.00
233,96,2,1,220.00,220.00
234,96,20,5,53.05,265.25
235,97,25,3,120.00,360.00
236,97,29,3,536.43,1609.29
237,97,26,1,174.49,174.49
238,97,22,6,121.88,731.28
239,98,18,1,210.00,210.00
240,98,7,3,18.00,54.00
241,98,22,3,121.88,365.64
242,99,28,6,368.92,2213.52
243,100,7,5,18.00,90.00
244,100,5,5,445.00,2225.00
245,100,8,1,24.55,24.55
246,100,12,6,85.00,510.00
247,101,9,3,33.49,100.47
248,101,8,3,24.55,73.65
249,102,18,2,210.00,420.00
250,102,28,1,368.92,368.92
251,102,26,5,174.49,872.45
252,102,7,2,18.00,36.00
253,103,23,2,184.73,369.46
254,104,2,3,220.00,660.00
255,104,21,2,80.41,160.82
256,105,25,5,120.00,600.00
257,106,16,1,113.40,113.40
258,106,1,5,145.00,725.00
259,106,10,4,45.68,182.72
260,107,30,1,780.00,780.00
261,108,5,3,445.00,1335.00
262,108,13,1,45.00,45.00
263,108,4,6,370.00,2220.00
264,109,4,5,370.00,1850.00
265,110,22,4,121.88,487.52
266,110,5,3,445.00,1335.00
267,111,20,1,53.05,53.05
268,111,11,6,62.31,373.86
269,111,27,3,253.72,761.16
270,112,18,2,210.00,420.00
271,112,16,2,113.40,226.80
272,112,12,1,85.00,85.00
273,113,28,6,368.92,2213.52
274,113,26,4,174.49,697.96
275,114,17,3,154.32,462.96
276,114,4,6,370.00,2220.00
277,114,16,1,113.40,113.40
278,114,29,5,536.43,2682.15
279,115,24,5,280.00,1400.00
280,115,6,1,520.00,520.00
281,115,17,3,154.32,462.96
282,115,8,5,24.55,122.75
283,116,22,1,121.88,121.88
284,116,13,4,45.00,180.00
285,116,27,5,253.72,1268.60
286,117,3,4,295.00,1180.00
287,118,8,6,24.55,147.30
288,118,15,6,83.33,499.98
289,118,26,2,174.49,348.98
290,118,2,6,220.00,1320.00
291,119,27,2,253.72,507.44
292,119,5,4,445.00,1780.00
293,119,14,1,61.24,61.24
294,119,30,3,780.00,2340.00
295,120,2,4,220.00,880.00
296,121,2,4,220.00,880.00
297,121,4,3,370.00,1110.00
298,121,13,3,45.00,135.00
299,121,17,1,154.32,154.32
300,122,29,6,536.43,3218.58
301,122,9,6,33.49,200.94
302,123,11,3,62.31,186.93
303,123,25,3,120.00,360.00
304,124,6,2,520.00,1040.00
305,124,22,3,121.88,365.64
306,125,9,4,33.49,133.96
307,125,17,4,154.32,617.28
308,126,30,1,780.00,780.00
309,126,12,5,85.00,425.00
310,127,16,3,113.40,340.20
311,127,30,1,780.00,780.00
312,128,5,5,445.00,2225.00
313,128,7,6,18.00,108.00
314,128,13,4,45.00,180.00
315,129,6,6,520.00,3120.00
316,129,16,4,113.40,453.60
317,129,28,5,368.92,1844.60
318,129,2,4,220.00,880.00
319,130,16,1,113.40,113.40
320,130,6,4,520.00,2080.00
321,130,30,2,780.00,1560.00
322,130,15,2,83.33,166.66
323,131,16,4,113.40,453.60
324,132,6,1,520.00,520.00
325,132,19,1,35.00,35.00
326,132,10,4,45.68,182.72
327,133,9,4,33.49,133.96
328,133,21,4,80.41,321.64
329,134,28,3,368.92,1106.76
330,134,28,4,368.92,1475.68
331,134,4,6,370.00,2220.00
332,135,17,4,154.32,617.28
333,135,14,1,61.24,61.24
334,135,9,6,33.49,200.94
335,136,19,3,35.00,105.00
336,136,19,5,35.00,175.00
337,137,22,4,121.88,487.52
338,137,5,2,445.00,890.00
339,138,8,6,24.55,147.30
340,138,11,3,62.31,186.93
341,138,3,2,295.00,590.00
342,138,30,5,780.00,3900.00
343,139,30,3,780.00,2340.00
344,139,6,1,520.00,520.00
345,140,10,3,45.68,137.04
346,140,26,3,174.49,523.47
347,141,5,5,445.00,2225.00
348,141,21,4,80.41,321.64
349,142,4,2,370.00,740.00
350,143,15,5,83.33,416.65
351,143,23,6,184.73,1108.38
352,144,1,4,145.00,580.00
353,145,15,4,83.33,333.32
354,145,8,6,24.55,147.30
355,145,11,3,62.31,186.93
356,145,24,6,280.00,1680.00
357,146,24,6,280.00,1680.00
358,146,13,4,45.00,180.00
359,146,6,3,520.00,1560.00
360,147,16,6,113.40,680.40
361,147,10,5,45.68,228.40
362,147,22,4,121.88,487.52
363,148,6,5,520.00,2600.00
364,148,12,5,85.00,425.00
365,149,8,1,24.55,24.55
366,149,16,2,113.40,226.80
367,149,4,3,370.00,1110.00
368,149,22,1,121.88,121.88
369,150,26,4,174.49,697.96
370,150,7,3,18.00,54.00
371,150,18,3,210.00,630.00
372,151,22,4,121.88,487.52
373,151,14,2,61.24,122.48
374,151,10,2,45.68,91.36
375,151,14,4,61.24,244.96
376,152,17,5,154.32,771.60
377,152,18,3,210.00,630.00
378,152,22,6,121.88,731.28
379,153,23,6,184.73,1108.38
380,153,13,2,45.00,90.00
381,153,19,6,35.00,210.00
382,154,24,4,280.00,1120.00
383,154,30,5,780.00,3900.00
384,154,3,6,295.00,1770.00
385,154,28,4,368.92,1475.68
386,155,2,1,220.00,220.00
387,155,19,5,35.00,175.00
388,156,2,4,220.00,880.00
389,156,22,6,121.88,731.28
390,157,19,1,35.00,35.00
391,157,6,6,520.00,3120.00
392,157,10,1,45.68,45.68
393,157,29,6,536.43,3218.58
394,158,17,5,154.32,771.60
395,158,17,2,154.32,308.64
396,159,19,6,35.00,210.00
397,159,2,4,220.00,880.00
398,159,23,5,184.73,923.65
399,160,21,3,80.41,241.23
400,160,1,6,145.00,870.00
401,160,7,5,18.00,90.00
402,160,13,1,45.00,45.00
403,161,18,1,210.00,210.00
404,161,11,5,62.31,311.55
405,162,21,2,80.41,160.82
406,162,24,4,280.00,1120.00
407,162,27,3,253.72,761.16
408,163,3,3,295.00,885.00
409,163,9,2,33.49,66.98
410,164,11,1,62.31,62.31
411,164,10,6,45.68,274.08
412,164,13,3,45.00,135.00
413,165,14,6,61.24,367.44
414,165,25,4,120.00,480.00
415,165,19,4,35.00,140.00
416,166,6,3,520.00,1560.00
417,167,20,3,53.05,159.15
418,167,5,3,445.00,1335.00
419,167,27,6,253.72,1522.32
420,168,27,5,253.72,1268.60
421,168,11,3,62.31,186.93
422,168,17,2,154.32,308.64
423,168,26,4,174.49,697.96
424,169,19,2,35.00,70.00
425,169,12,1,85.00,85.00
426,170,25,1,120.00,120.00
427,170,6,5,520.00,2600.00
428,170,2,5,220.00,1100.00
429,171,5,1,445.00,445.00
430,171,20,1,53.05,53.05
431,171,8,4,24.55,98.20
432,172,14,2,61.24,122.48
433,173,18,4,210.00,840.00
434,174,25,3,120.00,360.00
435,174,3,6,295.00,1770.00
436,174,12,1,85.00,85.00
437,175,6,6,520.00,3120.00
438,176,16,3,113.40,340.20
439,176,24,5,280.00,1400.00
440,177,20,2,53.05,106.10
441,177,14,6,61.24,367.44
442,177,12,4,85.00,340.00
443,178,5,5,445.00,2225.00
444,179,26,2,174.49,348.98
445,179,27,4,253.72,1014.88
446,180,1,3,145.00,435.00
447,181,22,1,121.88,121.88
448,181,6,2,520.00,1040.00
449,181,1,4,145.00,580.00
450,182,19,6,35.00,210.00
451,182,23,6,184.73,1108.38
452,182,20,4,53.05,212.20
453,183,1,2,145.00,290.00
454,183,2,6,220.00,1320.00
455,183,30,3,780.00,2340.00
456,184,10,5,45.68,228.40
457,184,28,6,368.92,2213.52
458,184,5,6,445.00,2670.00
459,184,5,1,445.00,445.00
460,185,1,4,145.00,580.00
461,185,13,2,45.00,90.00
462,185,1,5,145.00,725.00
463,185,5,6,445.00,2670.00
464,186,27,3,253.72,761.16
465,187,15,2,83.33,166.66
466,188,17,2,154.32,308.64
467,188,22,6,121.88,731.28
468,189,3,3,295.00,885.00
469,189,25,4,120.00,480.00
470,189,15,2,83.33,166.66
471,190,30,5,780.00,3900.00
472,190,30,3,780.00,2340.00
473,191,17,1,154.32,154.32
474,192,5,6,445.00,2670.00
475,193,29,3,536.43,1609.29
476,193,28,3,368.92,1106.76
477,194,4,3,370.00,1110.00
478,195,1,4,145.00,580.00
479,196,24,6,280.00,1680.00
480,196,11,1,62.31,62.31
481,196,9,5,33.49,167.45
482,196,30,2,780.00,1560.00
483,197,16,3,113.40,340.20
484,197,25,6,120.00,720.00
485,197,13,1,45.00,45.00
486,197,20,1,53.05,53.05
487,198,17,1,154.32,154.32
488,198,10,3,45.68,137.04
489,199,23,3,184.73,554.19
490,199,12,1,85.00,85.00
491,199,18,4,210.00,840.00
492,199,12,5,85.00,425.00
493,200,7,5,18.00,90.00
494,200,23,4,184.73,738.92
495,201,24,4,280.00,1120.00
496,201,27,6,253.72,1522.32
497,202,29,5,536.43,2682.15
498,202,6,2,520.00,1040.00
499,203,3,2,295.00,590.00
500,203,14,4,61.24,244.96
501,204,3,3,295.00,885.00
502,205,17,4,154.32,617.28
503,205,6,2,520.00,1040.00
504,205,27,5,253.72,1268.60
505,205,9,5,33.49,167.45
506,206,19,3,35.00,105.00
507,206,8,6,24.55,147.30
508,206,19,4,35.00,140.00
509,206,2,3,220.00,660.00
510,207,8,1,24.55,24.55
511,207,22,2,121.88,243.76
512,207,15,4,83.33,333.32
513,207,22,3,121.88,365.64
514,208,11,2,62.31,124.62
515,208,11,3,62.31,186.93
516,208,13,5,45.00,225.00
517,208,13,5,45.00,225.00
518,209,18,2,210.00,420.00
519,209,4,2,370.00,740.00
520,209,23,6,184.73,1108.38
521,209,21,6,80.41,482.46
522,210,6,1,520.00,520.00
523,210,23,6,184.73,1108.38
524,211,6,2,520.00,1040.00
525,211,29,4,536.43,2145.72
526,211,17,5,154.32,771.60
527,211,6,3,520.00,1560.00
528,212,21,6,80.41,482.46
529,212,22,1,121.88,121.88
530,213,19,2,35.00,70.00
531,213,3,4,295.00,1180.00
532,213,19,1,35.00,35.00
533,214,26,4,174.49,697.96
534,214,3,6,295.00,1770.00
535,214,24,1,280.00,280.00
536,215,29,6,536.43,3218.58
537,215,9,3,33.49,100.47
538,216,6,5,520.00,2600.00
539,217,16,3,113.40,340.20
540,218,13,4,45.00,180.00
541,218,24,5,280.00,1400.00
542,218,20,3,53.05,159.15
543,218,18,6,210.00,1260.00
544,219,24,4,280.00,1120.00
545,219,22,3,121.88,365.64
546,219,10,2,45.68,91.36
547,220,24,6,280.00,1680.00
548,220,7,6,18.00,108.00
549,221,3,3,295.00,885.00
550,222,11,1,62.31,62.31
551,223,23,1,184.73,184.73
552,223,28,5,368.92,1844.60
553,224,15,3,83.33,249.99
554,224,6,5,520.00,2600.00
555,224,17,4,154.32,617.28
556,225,21,2,80.41,160.82
557,225,15,4,83.33,333.32
558,225,5,1,445.00,445.00
559,226,24,6,280.00,1680.00
560,226,8,1,24.55,24.55
561,227,25,2,120.00,240.00
562,227,11,4,62.31,249.24
563,227,13,6,45.00,270.00
564,227,19,5,35.00,175.00
565,228,20,2,53.05,106.10
566,228,7,4,18.00,72.00
567,228,9,4,33.49,133.96
568,229,12,6,85.00,510.00
569,229,18,4,210.00,840.00
570,229,16,5,113.40,567.00
571,230,6,3,520.00,1560.00
572,230,23,6,184.73,1108.38
573,231,28,1,368.92,368.92
574,232,15,5,83.33,416.65
575,232,9,3,33.49,100.47
576,232,19,3,35.00,105.00
577,232,2,4,220.00,880.00
578,233,30,5,780.00,3900.00
579,234,7,1,18.00,18.00
580,235,10,5,45.68,228.40
581,235,24,4,280.00,1120.00
582,235,14,3,61.24,183.72
583,235,10,6,45.68,274.08
584,236,24,5,280.00,1400.00
585,236,14,5,61.24,306.20
586,236,22,4,121.88,487.52
587,236,27,3,253.72,761.16
588,237,15,5,83.33,416.65
589,237,26,3,174.49,523.47
590,237,7,2,18.00,36.00
591,238,9,3,33.49,100.47
592,239,20,2,53.05,106.10
593,239,1,2,145.00,290.00
594,240,15,4,83.33,333.32
595,240,16,4,113.40,453.60
596,240,21,6,80.41,482.46
597,240,28,1,368.92,368.92
598,241,29,3,536.43,1609.29
599,241,17,4,154.32,617.28
600,241,27,6,253.72,1522.32
601,242,14,1,61.24,61.24
602,242,10,4,45.68,182.72
603,242,25,5,120.00,600.00
604,243,8,6,24.55,147.30
605,243,13,2,45.00,90.00
606,243,3,6,295.00,1770.00
607,243,21,1,80.41,80.41
608,244,23,5,184.73,923.65
609,244,4,4,370.00,1480.00
610,244,3,2,295.00,590.00
611,245,10,4,45.68,182.72
612,245,9,1,33.49,33.49
613,245,5,6,445.00,2670.00
614,246,5,5,445.00,2225.00
615,247,17,2,154.32,308.64
616,247,3,1,295.00,295.00
617,248,23,3,184.73,554.19
618,249,2,1,220.00,220.00
619,250,24,5,280.00,1400.00
620,250,24,4,280.00,1120.00
621,251,6,4,520.00,2080.00
622,252,17,6,154.32,925.92
623,252,11,6,62.31,373.86
624,252,3,6,295.00,1770.00
625,252,11,5,62.31,311.55
626,253,30,5,780.00,3900.00
627,253,23,1,184.73,184.73
628,254,4,4,370.00,1480.00
629,254,5,6,445.00,2670.00
630,254,5,3,445.00,1335.00
631,254,17,4,154.32,617.28
632,255,27,4,253.72,1014.88
633,255,8,6,24.55,147.30
634,256,15,6,83.33,499.98
635,257,19,2,35.00,70.00
636,257,6,3,520.00,1560.00
637,257,8,5,24.55,122.75
638,258,9,1,33.49,33.49
639,258,17,6,154.32,925.92
640,259,29,6,536.43,3218.58
641,259,30,3,780.00,2340.00
642,259,29,1,536.43,536.43
643,259,23,1,184.73,184.73
644,260,23,3,184.73,554.19
645,261,19,2,35.00,70.00
646,262,30,1,780.00,780.00
647,263,3,3,295.00,885.00
648,263,2,3,220.00,660.00
649,263,7,5,18.00,90.00
650,263,20,3,53.05,159.15
651,264,8,4,24.55,98.20
652,264,18,6,210.00,1260.00
653,264,13,3,45.00,135.00
654,265,7,1,18.00,18.00
655,265,15,5,83.33,416.65
656,265,14,3,61.24,183.72
657,265,5,4,445.00,1780.00
658,266,1,3,145.00,435.00
659,266,3,3,295.00,885.00
660,267,11,4,62.31,249.24
661,267,1,3,145.00,435.00
662,267,20,2,53.05,106.10
663,267,7,6,18.00,108.00
664,268,26,6,174.49,1046.94
665,269,24,3,280.00,840.00
666,269,30,2,780.00,1560.00
667,269,15,4,83.33,333.32
668,269,7,5,18.00,90.00
669,270,14,5,61.24,306.20
670,271,17,5,154.32,771.60
671,272,21,5,80.41,402.05
672,272,8,2,24.55,49.10
673,273,22,6,121.88,731.28
674,273,17,3,154.32,462.96
675,274,26,2,174.49,348.98
676,274,13,3,45.00,135.00
677,274,29,6,536.43,3218.58
678,275,24,2,280.00,560.00
679,275,17,3,154.32,462.96
680,275,15,6,83.33,499.98
681,276,8,1,24.55,24.55
682,277,17,2,154.32,308.64
683,277,28,5,368.92,1844.60
684,277,6,5,520.00,2600.00
685,278,30,5,780.00,3900.00
686,278,1,5,145.00,725.00
687,279,2,6,220.00,1320.00
688,280,28,5,368.92,1844.60
689,280,24,6,280.00,1680.00
690,281,4,4,370.00,1480.00
691,281,21,1,80.41,80.41
692,281,30,6,780.00,4680.00
693,281,1,6,145.00,870.00
694,282,15,1,83.33,83.33
695,282,13,4,45.00,180.00
696,283,20,6,53.05,318.30
697,284,15,2,83.33,166.66
698,284,9,1,33.49,33.49
699,284,25,1,120.00,120.00
700,285,18,1,210.00,210.00
701,285,24,2,280.00,560.00
702,286,30,6,780.00,4680.00
703,287,3,4,295.00,1180.00
704,288,21,2,80.41,160.82
705,288,11,4,62.31,249.24
706,288,1,4,145.00,580.00
707,288,17,2,154.32,308.64
708,289,26,2,174.49,348.98
709,289,10,5,45.68,228.40
710,290,3,2,295.00,590.00
711,290,9,4,33.49,133.96
712,291,10,2,45.68,91.36
713,291,16,5,113.40,567.00
714,291,26,5,174.49,872.45
715,292,11,3,62.31,186.93
716,292,13,2,45.00,90.00
717,292,23,3,184.73,554.19
718,292,11,6,62.31,373.86
719,293,8,2,24.55,49.10
720,293,12,2,85.00,170.00
721,293,10,3,45.68,137.04
722,293,30,2,780.00,1560.00
723,294,10,5,45.68,228.40
724,294,19,5,35.00,175.00
725,294,2,5,220.00,1100.00
726,295,27,4,253.72,1014.88
727,296,15,4,83.33,333.32
728,296,14,1,61.24,61.24
729,296,29,6,536.43,3218.58
730,296,15,3,83.33,249.99
731,297,19,3,35.00,105.00
732,298,16,3,113.40,340.20
733,298,26,3,174.49,523.47
734,298,5,2,445.00,890.00
735,298,16,1,113.40,113.40
736,299,30,4,780.00,3120.00
737,299,25,3,120.00,360.00
738,299,4,3,370.00,1110.00
739,299,15,2,83.33,166.66
740,300,18,6,210.00,1260.00
741,300,29,2,536.43,1072.86
742,301,14,2,61.24,122.48
743,301,23,1,184.73,184.73
744,302,3,4,295.00,1180.00
745,302,17,5,154.32,771.60
746,302,1,2,145.00,290.00
747,302,1,3,145.00,435.00
748,303,28,3,368.92,1106.76
749,303,2,1,220.00,220.00
750,303,11,1,62.31,62.31
751,304,8,1,24.55,24.55
752,305,24,4,280.00,1120.00
753,305,26,4,174.49,697.96
754,306,21,1,80.41,80.41
755,307,1,2,145.00,290.00
756,307,30,1,780.00,780.00
757,307,15,3,83.33,249.99
758,307,6,6,520.00,3120.00
759,308,13,5,45.00,225.00
760,308,13,6,45.00,270.00
761,308,18,3,210.00,630.00
762,309,13,3,45.00,135.00
763,310,16,1,113.40,113.40
764,310,24,1,280.00,280.00
765,310,26,2,174.49,348.98
766,310,2,6,220.00,1320.00
767,311,16,6,113.40,680.40
768,311,14,4,61.24,244.96
769,311,27,6,253.72,1522.32
770,312,6,3,520.00,1560.00
771,312,21,4,80.41,321.64
772,312,27,2,253.72,507.44
773,312,29,6,536.43,3218.58
774,313,25,5,120.00,600.00
775,313,1,6,145.00,870.00
776,314,3,1,295.00,295.00
777,314,25,3,120.00,360.00
778,314,9,5,33.49,167.45
779,315,18,4,210.00,840.00
780,316,18,4,210.00,840.00
781,316,18,6,210.00,1260.00
782,316,10,3,45.68,137.04
783,316,29,6,536.43,3218.58
784,317,28,2,368.92,737.84
785,317,18,2,210.00,420.00
786,317,24,6,280.00,1680.00
787,318,24,6,280.00,1680.00
788,318,2,3,220.00,660.00
789,318,28,5,368.92,1844.60
790,319,19,1,35.00,35.00
791,319,18,3,210.00,630.00
792,319,18,1,210.00,210.00
793,319,4,1,370.00,370.00
794,320,28,5,368.92,1844.60
795,320,7,4,18.00,72.00
796,320,18,1,210.00,210.00
797,320,13,1,45.00,45.00
798,321,16,2,113.40,226.80
799,322,18,4,210.00,840.00
800,323,3,2,295.00,590.00
801,323,11,2,62.31,124.62
802,323,20,6,53.05,318.30
803,323,30,3,780.00,2340.00
804,324,29,4,536.43,2145.72
805,324,22,6,121.88,731.28
806,324,9,6,33.49,200.94
807,325,29,2,536.43,1072.86
808,325,15,3,83.33,249.99
809,325,8,3,24.55,73.65
810,326,28,5,368.92,1844.60
811,326,6,4,520.00,2080.00
812,326,20,6,53.05,318.30
813,327,20,6,53.05,318.30
814,328,2,6,220.00,1320.00
815,328,13,3,45.00,135.00
816,328,11,4,62.31,249.24
817,328,7,2,18.00,36.00
818,329,26,2,174.49,348.98
819,330,30,6,780.00,4680.00
820,330,19,6,35.00,210.00
821,330,2,1,220.00,220.00
822,331,14,2,61.24,122.48
823,332,26,5,174.49,872.45
824,333,13,3,45.00,135.00
825,334,27,2,253.72,507.44
826,334,14,4,61.24,244.96
827,334,6,3,520.00,1560.00
828,335,26,3,174.49,523.47
829,335,26,3,174.49,523.47
830,335,8,4,24.55,98.20
831,335,4,5,370.00,1850.00
832,336,23,6,184.73,1108.38
833,337,21,5,80.41,402.05
834,337,27,5,253.72,1268.60
835,337,2,6,220.00,1320.00
836,337,14,1,61.24,61.24
837,338,11,1,62.31,62.31
838,338,9,2,33.49,66.98
839,339,25,5,120.00,600.00
840,339,10,2,45.68,91.36
841,340,19,4,35.00,140.00
842,341,17,5,154.32,771.60
843,341,1,5,145.00,725.00
844,341,25,5,120.00,600.00
845,342,23,3,184.73,554.19
846,342,14,2,61.24,122.48
847,342,3,5,295.00,1475.00
848,343,7,2,18.00,36.00
849,343,21,2,80.41,160.82
850,343,14,3,61.24,183.72
851,343,10,3,45.68,137.04
852,344,14,5,61.24,306.20
853,345,26,2,174.49,348.98
854,345,16,2,113.40,226.80
855,346,14,2,61.24,122.48
856,347,7,4,18.00,72.00
857,347,29,3,536.43,1609.29
858,347,27,5,253.72,1268.60
859,348,17,4,154.32,617.28
860,348,20,3,53.05,159.15
861,349,5,3,445.00,1335.00
862,350,22,4,121.88,487.52
863,350,8,2,24.55,49.10
864,351,11,1,62.31,62.31
865,351,16,2,113.40,226.80
866,351,26,5,174.49,872.45
867,351,13,5,45.00,225.00
868,352,24,6,280.00,1680.00
869,352,25,3,120.00,360.00
870,353,21,3,80.41,241.23
871,353,5,5,445.00,2225.00
872,354,9,2,33.49,66.98
873,355,2,6,220.00,1320.00
874,355,25,1,120.00,120.00
875,356,3,4,295.00,1180.00
876,357,30,1,780.00,780.00
877,357,4,2,370.00,740.00
878,358,8,2,24.55,49.10
879,358,8,2,24.55,49.10
880,358,6,4,520.00,2080.00
881,358,26,4,174.49,697.96
882,359,24,1,280.00,280.00
883,359,13,6,45.00,270.00
884,359,15,3,83.33,249.99
885,360,4,3,370.00,1110.00
886,361,7,5,18.00,90.00
887,361,14,3,61.24,183.72
888,362,2,6,220.00,1320.00
889,362,6,1,520.00,520.00
890,362,14,1,61.24,61.24
891,363,14,3,61.24,183.72
892,363,3,5,295.00,1475.00
893,363,18,3,210.00,630.00
894,363,16,3,113.40,340.20
895,364,25,5,120.00,600.00
896,364,24,4,280.00,1120.00
897,364,2,1,220.00,220.00
898,365,5,3,445.00,1335.00
899,366,20,1,53.05,53.05
900,366,18,1,210.00,210.00
901,366,14,5,61.24,306.20
902,367,10,1,45.68,45.68
903,367,3,5,295.00,1475.00
904,367,5,3,445.00,1335.00
905,368,3,2,295.00,590.00
906,368,18,3,210.00,630.00
907,368,9,5,33.49,167.45
908,368,12,3,85.00,255.00
909,369,29,4,536.43,2145.72
910,370,23,6,184.73,1108.38
911,370,19,4,35.00,140.00
912,370,19,2,35.00,70.00
913,371,30,6,780.00,4680.00
914,371,28,2,368.92,737.84
915,372,12,6,85.00,510.00
916,373,21,5,80.41,402.05
917,373,7,3,18.00,54.00
918,374,21,4,80.41,321.64
919,374,28,5,368.92,1844.60
920,375,1,5,145.00,725.00
921,376,14,5,61.24,306.20
922,377,26,6,174.49,1046.94
923,377,5,6,445.00,2670.00
924,377,23,4,184.73,738.92
925,377,10,2,45.68,91.36
926,378,13,5,45.00,225.00
927,379,6,6,520.00,3120.00
928,380,10,4,45.68,182.72
929,380,29,4,536.43,2145.72
930,381,9,4,33.49,133.96
931,382,30,6,780.00,4680.00
932,382,13,1,45.00,45.00
933,383,29,5,536.43,2682.15
934,384,16,6,113.40,680.40
935,385,19,5,35.00,175.00
936,385,7,6,18.00,108.00
937,385,6,6,520.00,3120.00
938,386,21,2,80.41,160.82
939,386,10,5,45.68,228.40
940,387,26,2,174.49,348.98
941,387,10,5,45.68,228.40
942,387,8,5,24.55,122.75
943,388,6,1,520.00,520.00
944,388,28,6,368.92,2213.52
945,389,1,4,145.00,580.00
946,390,2,4,220.00,880.00
947,390,10,6,45.68,274.08
948,390,27,5,253.72,1268.60
949,391,1,6,145.00,870.00
950,391,30,3,780.00,2340.00
951,392,7,3,18.00,54.00
952,393,2,5,220.00,1100.00
953,394,18,4,210.00,840.00
954,395,10,3,45.68,137.04
955,396,6,2,520.00,1040.00
956,397,5,6,445.00,2670.00
957,397,21,3,80.41,241.23
958,397,17,1,154.32,154.32
959,398,7,2,18.00,36.00
960,398,27,2,253.72,507.44
961,399,5,5,445.00,2225.00
962,400,25,2,120.00,240.00
963,400,24,6,280.00,1680.00
964,400,21,1,80.41,80.41
965,401,4,4,370.00,1480.00
966,401,16,5,113.40,567.00
967,402,27,3,253.72,761.16
968,402,22,2,121.88,243.76
969,403,11,4,62.31,249.24
970,404,4,1,370.00,370.00
971,404,20,3,53.05,159.15
972,405,23,5,184.73,923.65
973,406,19,6,35.00,210.00
974,407,24,2,280.00,560.00
975,407,16,5,113.40,567.00
976,407,10,6,45.68,274.08
977,407,30,5,780.00,3900.00
978,408,20,3,53.05,159.15
979,408,5,5,445.00,2225.00
980,409,26,1,174.49,174.49
981,409,21,6,80.41,482.46
982,410,15,5,83.33,416.65
983,411,14,1,61.24,61.24
984,411,5,2,445.00,890.00
985,411,4,3,370.00,1110.00
986,411,11,1,62.31,62.31
987,412,13,4,45.00,180.00
988,412,4,3,370.00,1110.00
989,412,5,5,445.00,2225.00
990,413,20,5,53.05,265.25
991,413,18,5,210.00,1050.00
992,413,10,6,45.68,274.08
993,414,2,4,220.00,880.00
994,414,25,5,120.00,600.00
995,414,11,2,62.31,124.62
996,415,16,6,113.40,680.40
997,415,2,3,220.00,660.00
998,416,9,1,33.49,33.49
999,416,28,3,368.92,1106.76
1000,416,2,5,220.00,1100.00
1001,416,19,2,35.00,70.00
1002,417,7,4,18.00,72.00
1003,417,13,6,45.00,270.00
1004,417,30,2,780.00,1560.00
1005,418,28,3,368.92,1106.76
1006,418,19,5,35.00,175.00
1007,418,1,4,145.00,580.00
1008,418,2,3,220.00,660.00
1009,419,7,3,18.00,54.00
1010,420,20,5,53.05,265.25
1011,420,23,5,184.73,923.65
1012,420,13,2,45.00,90.00
1013,420,17,6,154.32,925.92
1014,421,28,5,368.92,1844.60
1015,421,24,1,280.00,280.00
1016,421,29,1,536.43,536.43
1017,421,24,1,280.00,280.00
1018,422,20,4,53.05,212.20
1019,422,26,4,174.49,697.96
1020,422,16,5,113.40,567.00
1021,423,24,5,280.00,1400.00
1022,423,6,4,520.00,2080.00
1023,423,13,5,45.00,225.00
1024,424,4,5,370.00,1850.00
1025,424,2,3,220.00,660.00
1026,425,7,3,18.00,54.00
1027,426,8,1,24.55,24.55
1028,426,8,6,24.55,147.30
1029,426,14,3,61.24,183.72
1030,427,9,5,33.49,167.45
1031,428,5,4,445.00,1780.00
1032,428,7,2,18.00,36.00
1033,428,3,4,295.00,1180.00
1034,429,12,3,85.00,255.00
1035,429,11,3,62.31,186.93
1036,429,26,6,174.49,1046.94
1037,430,20,2,53.05,106.10
1038,431,1,2,145.00,290.00
1039,431,8,1,24.55,24.55
1040,431,28,5,368.92,1844.60
1041,431,2,4,220.00,880.00
1042,432,5,4,445.00,1780.00
1043,432,15,5,83.33,416.65
1044,433,17,6,154.32,925.92
1045,433,12,6,85.00,510.00
1046,433,30,2,780.00,1560.00
1047,433,4,5,370.00,1850.00
1048,434,16,5,113.40,567.00
1049,434,10,6,45.68,274.08
1050,434,25,4,120.00,480.00
1051,434,16,4,113.40,453.60
1052,435,18,6,210.00,1260.00
1053,435,30,6,780.00,4680.00
1054,436,22,6,121.88,731.28
1055,436,19,6,35.00,210.00
1056,437,5,5,445.00,2225.00
1057,437,6,6,520.00,3120.00
1058,438,6,5,520.00,2600.00
1059,439,30,6,780.00,4680.00
1060,439,9,2,33.49,66.98
1061,440,30,4,780.00,3120.00
1062,440,10,3,45.68,137.04
1063,440,29,6,536.43,3218.58
1064,440,29,3,536.43,1609.29
1065,441,25,5,120.00,600.00
1066,441,17,1,154.32,154.32
1067,441,11,5,62.31,311.55
1068,442,4,6,370.00,2220.00
1069,442,20,6,53.05,318.30
1070,442,29,3,536.43,1609.29
1071,442,13,6,45.00,270.00
1072,443,21,6,80.41,482.46
1073,443,17,2,154.32,308.64
1074,443,22,1,121.88,121.88
1075,443,10,1,45.68,45.68
1076,444,1,6,145.00,870.00
1077,444,15,5,83.33,416.65
1078,444,16,3,113.40,340.20
1079,444,22,3,121.88,365.64
1080,445,4,1,370.00,370.00
1081,446,19,4,35.00,140.00
1082,446,6,5,520.00,2600.00
1083,446,1,1,145.00,145.00
1084,446,17,1,154.32,154.32
1085,447,15,1,83.33,83.33
1086,447,2,6,220.00,1320.00
1087,447,20,5,53.05,265.25
1088,448,8,3,24.55,73.65
1089,448,4,2,370.00,740.00
1090,448,25,4,120.00,480.00
1091,448,14,5,61.24,306.20
1092,449,16,4,113.40,453.60
1093,450,11,3,62.31,186.93
1094,451,26,2,174.49,348.98
1095,452,8,6,24.55,147.30
1096,453,8,4,24.55,98.20
1097,453,8,4,24.55,98.20
1098,453,25,5,120.00,600.00
1099,454,20,5,53.05,265.25
1100,454,11,5,62.31,311.55
1101,455,8,1,24.55,24.55
1102,456,1,2,145.00,290.00
1103,457,9,6,33.49,200.94
1104,457,15,3,83.33,249.99
1105,458,11,5,62.31,311.55
1106,458,15,5,83.33,416.65
1107,458,5,5,445.00,2225.00
1108,458,27,5,253.72,1268.60
1109,459,25,6,120.00,720.00
1110,459,29,6,536.43,3218.58
1111,459,20,2,53.05,106.10
1112,460,26,3,174.49,523.47
1113,460,25,4,120.00,480.00
1114,460,8,2,24.55,49.10
1115,460,23,2,184.73,369.46
1116,461,27,5,253.72,1268.60
1117,461,19,6,35.00,210.00
1118,461,10,5,45.68,228.40
1119,462,2,6,220.00,1320.00
1120,462,4,4,370.00,1480.00
1121,462,20,3,53.05,159.15
1122,462,16,1,113.40,113.40
1123,463,2,1,220.00,220.00
1124,463,11,1,62.31,62.31
1125,464,20,2,53.05,106.10
1126,464,25,3,120.00,360.00
1127,464,1,2,145.00,290.00
1128,465,16,2,113.40,226.80
1129,465,19,1,35.00,35.00
1130,465,11,4,62.31,249.24
1131,465,27,5,253.72,1268.60
1132,466,15,3,83.33,249.99
1133,466,7,2,18.00,36.00
1134,466,24,2,280.00,560.00
1135,466,15,5,83.33,416.65
1136,467,19,3,35.00,105.00
1137,467,15,6,83.33,499.98
1138,468,14,3,61.24,183.72
1139,468,12,1,85.00,85.00
1140,468,30,3,780.00,2340.00
1141,469,15,6,83.33,499.98
1142,469,2,2,220.00,440.00
1143,469,19,4,35.00,140.00
1144,470,27,5,253.72,1268.60
1145,470,28,6,368.92,2213.52
1146,470,19,2,35.00,70.00
1147,471,24,6,280.00,1680.00
1148,471,7,1,18.00,18.00
1149,472,7,3,18.00,54.00
1150,472,11,1,62.31,62.31
1151,473,2,3,220.00,660.00
1152,473,19,5,35.00,175.00
1153,473,15,5,83.33,416.65
1154,474,4,2,370.00,740.00
1155,474,22,5,121.88,609.40
1156,474,18,5,210.00,1050.00
1157,475,28,6,368.92,2213.52
1158,475,1,3,145.00,435.00
1159,476,1,4,145.00,580.00
1160,477,27,1,253.72,253.72
1161,477,1,5,145.00,725.00
1162,478,18,3,210.00,630.00
1163,479,12,5,85.00,425.00
1164,479,18,1,210.00,210.00
1165,479,15,5,83.33,416.65
1166,480,17,2,154.32,308.64
1167,480,24,4,280.00,1120.00
1168,480,13,6,45.00,270.00
1169,480,30,4,780.00,3120.00
1170,481,2,5,220.00,1100.00
1171,482,6,5,520.00,2600.00
1172,482,11,4,62.31,249.24
1173,482,11,6,62.31,373.86
1174,482,6,5,520.00,2600.00
1175,483,15,3,83.33,249.99
1176,483,22,4,121.88,487.52
1177,483,8,3,24.55,73.65
1178,484,6,6,520.00,3120.00
1179,484,17,1,154.32,154.32
1180,484,19,4,35.00,140.00
1181,485,29,5,536.43,2682.15
1182,485,21,6,80.41,482.46
1183,486,21,3,80.41,241.23
1184,486,17,6,154.32,925.92
1185,487,28,3,368.92,1106.76
1186,487,30,6,780.00,4680.00
1187,488,8,2,24.55,49.10
1188,488,7,5,18.00,90.00
1189,488,25,6,120.00,720.00
1190,489,3,1,295.00,295.00
1191,489,15,3,83.33,249.99
1192,489,20,5,53.05,265.25
1193,490,9,2,33.49,66.98
1194,491,22,5,121.88,609.40
1195,492,21,5,80.41,402.05
1196,493,7,3,18.00,54.00
1197,493,16,4,113.40,453.60
1198,493,2,2,220.00,440.00
1199,494,7,3,18.00,54.00
1200,494,16,1,113.40,113.40
1201,494,11,1,62.31,62.31
1202,495,14,3,61.24,183.72
1203,495,18,1,210.00,210.00
1204,495,1,5,145.00,725.00
1205,495,24,1,280.00,280.00
1206,496,14,4,61.24,244.96
1207,496,3,5,295.00,1475.00
1208,496,25,6,120.00,720.00
1209,497,28,4,368.92,1475.68
1210,497,6,3,520.00,1560.00
1211,497,27,5,253.72,1268.60
1212,497,14,2,61.24,122.48
1213,498,23,2,184.73,369.46
1214,498,19,4,35.00,140.00
1215,498,28,1,368.92,368.92
1216,498,17,4,154.32,617.28
1217,499,13,1,45.00,45.00
1218,500,3,6,295.00,1770.00
1219,500,9,1,33.49,33.49
1220,500,6,5,520.00,2600.00
1221,501,20,3,53.05,159.15
1222,501,29,4,536.43,2145.72
1223,502,9,6,33.49,200.94
1224,503,5,4,445.00,1780.00
1225,503,6,6,520.00,3120.00
1226,503,4,6,370.00,2220.00
1227,503,3,1,295.00,295.00
1228,504,9,2,33.49,66.98
1229,504,16,6,113.40,680.40
1230,505,23,3,184.73,554.19
1231,505,28,5,368.92,1844.60
1232,505,23,4,184.73,738.92
1233,506,28,6,368.92,2213.52
1234,507,27,2,253.72,507.44
1235,507,27,6,253.72,1522.32
1236,507,6,4,520.00,2080.00
1237,508,26,2,174.49,348.98
1238,508,14,2,61.24,122.48
1239,509,24,2,280.00,560.00
1240,509,21,2,80.41,160.82
1241,509,4,1,370.00,370.00
1242,510,15,5,83.33,416.65
1243,511,9,6,33.49,200.94
1244,511,15,4,83.33,333.32
1245,511,11,3,62.31,186.93
1246,511,18,5,210.00,1050.00
1247,512,6,5,520.00,2600.00
1248,513,26,5,174.49,872.45
1249,513,25,1,120.00,120.00
1250,514,12,5,85.00,425.00
1251,515,22,2,121.88,243.76
1252,516,19,5,35.00,175.00
1253,516,27,6,253.72,1522.32
1254,517,26,2,174.49,348.98
1255,517,27,5,253.72,1268.60
1256,518,15,3,83.33,249.99
1257,518,3,6,295.00,1770.00
1258,519,22,5,121.88,609.40
1259,519,1,5,145.00,725.00
1260,519,1,4,145.00,580.00
1261,519,25,5,120.00,600.00
1262,520,5,1,445.00,445.00
1263,520,20,5,53.05,265.25
1264,520,19,4,35.00,140.00
1265,520,23,3,184.73,554.19
1266,521,11,1,62.31,62.31
1267,521,21,2,80.41,160.82
1268,522,30,5,780.00,3900.00
1269,522,23,3,184.73,554.19
1270,522,24,2,280.00,560.00
1271,522,3,3,295.00,885.00
1272,523,16,1,113.40,113.40
1273,523,4,3,370.00,1110.00
1274,524,20,5,53.05,265.25
1275,524,2,2,220.00,440.00
1276,525,7,1,18.00,18.00
1277,526,27,2,253.72,507.44
1278,526,18,6,210.00,1260.00
1279,526,18,6,210.00,1260.00
1280,527,14,5,61.24,306.20
1281,527,13,4,45.00,180.00
1282,527,14,6,61.24,367.44
1283,527,13,1,45.00,45.00
1284,528,17,4,154.32,617.28
1285,528,7,1,18.00,18.00
1286,528,26,1,174.49,174.49
1287,529,20,1,53.05,53.05
1288,529,1,1,145.00,145.00
1289,529,18,1,210.00,210.00
1290,529,20,3,53.05,159.15
1291,530,25,1,120.00,120.00
1292,530,14,1,61.24,61.24
1293,530,13,6,45.00,270.00
1294,531,20,2,53.05,106.10
1295,531,23,2,184.73,369.46
1296,531,3,2,295.00,590.00
1297,532,20,3,53.05,159.15
1298,532,12,4,85.00,340.00
1299,532,12,4,85.00,340.00
1300,532,10,5,45.68,228.40
1301,533,28,5,368.92,1844.60
1302,534,13,3,45.00,135.00
1303,534,14,2,61.24,122.48
1304,535,25,4,120.00,480.00
1305,536,24,5,280.00,1400.00
1306,537,11,1,62.31,62.31
1307,537,17,5,154.32,771.60
1308,537,3,2,295.00,590.00
1309,537,20,5,53.05,265.25
1310,538,21,6,80.41,482.46
1311,538,8,6,24.55,147.30
1312,538,2,6,220.00,1320.00
1313,539,15,2,83.33,166.66
1314,539,5,5,445.00,2225.00
1315,539,7,4,18.00,72.00
1316,539,6,5,520.00,2600.00
1317,540,8,5,24.55,122.75
1318,541,22,3,121.88,365.64
1319,541,16,2,113.40,226.80
1320,542,12,6,85.00,510.00
1321,542,10,5,45.68,228.40
1322,542,26,1,174.49,174.49
1323,542,5,5,445.00,2225.00
1324,543,19,6,35.00,210.00
1325,543,6,2,520.00,1040.00
1326,543,6,5,520.00,2600.00
1327,543,8,2,24.55,49.10
1328,544,22,6,121.88,731.28
1329,544,8,1,24.55,24.55
1330,544,23,3,184.73,554.19
1331,545,26,2,174.49,348.98
1332,545,14,5,61.24,306.20
1333,545,19,4,35.00,140.00
1334,546,4,4,370.00,1480.00
1335,546,3,1,295.00,295.00
1336,546,26,4,174.49,697.96
1337,546,26,2,174.49,348.98
1338,547,22,6,121.88,731.28
1339,547,21,4,80.41,321.64
1340,547,17,6,154.32,925.92
1341,547,6,6,520.00,3120.00
1342,548,1,4,145.00,580.00
1343,548,4,6,370.00,2220.00
1344,548,19,4,35.00,140.00
1345,548,17,2,154.32,308.64
1346,549,25,2,120.00,240.00
1347,549,2,1,220.00,220.00
1348,549,17,1,154.32,154.32
1349,550,2,5,220.00,1100.00
1350,551,24,5,280.00,1400.00
1351,551,14,2,61.24,122.48
1352,551,1,6,145.00,870.00
1353,552,8,2,24.55,49.10
1354,552,16,2,113.40,226.80
1355,552,24,3,280.00,840.00
1356,552,23,2,184.73,369.46
1357,553,7,6,18.00,108.00
1358,553,28,3,368.92,1106.76
1359,553,27,4,253.72,1014.88
1360,554,18,6,210.00,1260.00
1361,554,3,4,295.00,1180.00
1362,554,9,5,33.49,167.45
1363,555,30,1,780.00,780.00
1364,555,2,1,220.00,220.00
1365,555,7,4,18.00,72.00
1366,556,11,5,62.31,311.55
1367,556,10,4,45.68,182.72
1368,556,12,5,85.00,425.00
1369,556,4,2,370.00,740.00
1370,557,22,5,121.88,609.40
1371,557,26,5,174.49,872.45
1372,558,17,4,154.32,617.28
1373,558,13,3,45.00,135.00
1374,558,14,3,61.24,183.72
1375,559,26,5,174.49,872.45
1376,559,16,3,113.40,340.20
1377,559,3,5,295.00,1475.00
1378,560,10,4,45.68,182.72
1379,560,28,3,368.92,1106.76
1380,560,17,1,154.32,154.32
1381,561,1,4,145.00,580.00
1382,562,29,1,536.43,536.43
1383,563,19,2,35.00,70.00
1384,563,30,1,780.00,780.00
1385,563,4,5,370.00,1850.00
1386,563,25,5,120.00,600.00
1387,564,24,6,280.00,1680.00
1388,564,2,2,220.00,440.00
1389,564,24,3,280.00,840.00
1390,564,23,3,184.73,554.19
1391,565,6,1,520.00,520.00
1392,565,18,1,210.00,210.00
1393,565,18,2,210.00,420.00
1394,566,1,5,145.00,725.00
1395,566,30,2,780.00,1560.00
1396,567,15,2,83.33,166.66
1397,568,25,2,120.00,240.00
1398,568,25,4,120.00,480.00
1399,569,19,6,35.00,210.00
1400,569,23,6,184.73,1108.38
1401,569,3,3,295.00,885.00
1402,569,4,4,370.00,1480.00
1403,570,17,6,154.32,925.92
1404,570,17,4,154.32,617.28
1405,570,9,3,33.49,100.47
1406,571,21,3,80.41,241.23
1407,571,2,6,220.00,1320.00
1408,571,20,4,53.05,212.20
1409,571,11,2,62.31,124.62
1410,572,16,5,113.40,567.00
1411,572,5,4,445.00,1780.00
1412,572,17,5,154.32,771.60
1413,572,13,2,45.00,90.00
1414,573,17,1,154.32,154.32
1415,573,8,2,24.55,49.10
1416,574,9,4,33.49,133.96
1417,574,6,1,520.00,520.00
1418,575,2,3,220.00,660.00
1419,576,12,6,85.00,510.00
1420,576,10,4,45.68,182.72
1421,576,15,3,83.33,249.99
1422,576,16,5,113.40,567.00
1423,577,17,6,154.32,925.92
1424,577,1,4,145.00,580.00
1425,577,16,1,113.40,113.40
1426,578,10,1,45.68,45.68
1427,579,19,5,35.00,175.00
1428,579,17,2,154.32,308.64
1429,580,27,6,253.72,1522.32
1430,580,26,6,174.49,1046.94
1431,580,23,6,184.73,1108.38
1432,580,3,6,295.00,1770.00
1433,581,4,5,370.00,1850.00
1434,582,3,5,295.00,1475.00
1435,583,16,2,113.40,226.80
1436,584,23,5,184.73,923.65
1437,584,27,6,253.72,1522.32
1438,584,15,5,83.33,416.65
1439,584,5,1,445.00,445.00
1440,585,12,5,85.00,425.00
1441,585,2,5,220.00,1100.00
1442,586,5,2,445.00,890.00
1443,586,25,1,120.00,120.00
1444,587,12,5,85.00,425.00
1445,588,6,6,520.00,3120.00
1446,588,16,2,113.40,226.80
1447,588,1,3,145.00,435.00
1448,589,21,1,80.41,80.41
1449,589,21,3,80.41,241.23
1450,590,1,4,145.00,580.00
1451,590,20,1,53.05,53.05
1452,591,24,2,280.00,560.00
1453,592,26,5,174.49,872.45
1454,593,11,2,62.31,124.62
1455,593,17,5,154.32,771.60
1456,593,28,2,368.92,737.84
1457,593,19,5,35.00,175.00
1458,594,17,1,154.32,154.32
1459,594,8,6,24.55,147.30
1460,594,7,1,18.00,18.00
1461,594,17,2,154.32,308.64
1462,595,15,4,83.33,333.32
1463,596,6,2,520.00,1040.00
1464,596,9,5,33.49,167.45
1465,596,16,6,113.40,680.40
1466,596,10,6,45.68,274.08
1467,597,12,6,85.00,510.00
1468,597,12,4,85.00,340.00
1469,597,13,5,45.00,225.00
1470,597,7,2,18.00,36.00
1471,598,6,1,520.00,520.00
1472,599,17,1,154.32,154.32
1473,599,1,6,145.00,870.00
1474,599,10,6,45.68,274.08
1475,599,7,1,18.00,18.00
1476,600,22,3,121.88,365.64
1477,600,14,2,61.24,122.48
1478,600,6,2,520.00,1040.00
1479,601,28,6,368.92,2213.52
1480,601,13,6,45.00,270.00
1481,601,25,6,120.00,720.00
1482,602,23,5,184.73,923.65
1483,602,4,5,370.00,1850.00
1484,603,16,4,113.40,453.60
1485,604,11,1,62.31,62.31
1486,604,11,3,62.31,186.93
1487,605,9,3,33.49,100.47
1488,605,9,5,33.49,167.45
1489,606,23,4,184.73,738.92
1490,606,28,2,368.92,737.84
1491,606,23,2,184.73,369.46
1492,606,7,1,18.00,18.00
1493,607,6,1,520.00,520.00
1494,607,9,6,33.49,200.94
1495,608,29,1,536.43,536.43
1496,609,26,6,174.49,1046.94
1497,609,6,6,520.00,3120.00
1498,610,26,1,174.49,174.49
1499,610,5,6,445.00,2670.00
1500,610,16,1,113.40,113.40
1501,611,16,4,113.40,453.60
1502,612,16,6,113.40,680.40
1503,612,20,5,53.05,265.25
1504,612,20,6,53.05,318.30
1505,612,24,6,280.00,1680.00
1506,613,10,2,45.68,91.36
1507,613,7,1,18.00,18.00
1508,614,10,1,45.68,45.68
1509,615,12,2,85.00,170.00
1510,616,22,3,121.88,365.64
1511,617,7,4,18.00,72.00
1512,617,29,6,536.43,3218.58
1513,617,6,4,520.00,2080.00
1514,618,15,1,83.33,83.33
1515,618,9,6,33.49,200.94
1516,618,25,2,120.00,240.00
1517,618,18,3,210.00,630.00
1518,619,6,2,520.00,1040.00
1519,619,8,4,24.55,98.20
1520,620,6,4,520.00,2080.00
1521,620,10,1,45.68,45.68
1522,620,1,4,145.00,580.00
1523,621,4,1,370.00,370.00
1524,621,27,1,253.72,253.72
1525,621,13,2,45.00,90.00
1526,621,8,3,24.55,73.65
1527,622,2,4,220.00,880.00
1528,622,8,6,24.55,147.30
1529,623,23,4,184.73,738.92
1530,624,28,3,368.92,1106.76
1531,624,10,1,45.68,45.68
1532,624,4,6,370.00,2220.00
1533,624,9,1,33.49,33.49
1534,625,16,1,113.40,113.40
1535,626,15,1,83.33,83.33
1536,626,25,6,120.00,720.00
1537,626,18,1,210.00,210.00
1538,627,4,5,370.00,1850.00
1539,627,15,4,83.33,333.32
1540,628,4,4,370.00,1480.00
1541,628,1,6,145.00,870.00
1542,629,28,5,368.92,1844.60
1543,629,1,1,145.00,145.00
1544,629,1,3,145.00,435.00
1545,630,14,2,61.24,122.48
1546,630,15,4,83.33,333.32
1547,630,5,2,445.00,890.00
1548,631,14,2,61.24,122.48
1549,631,28,2,368.92,737.84
1550,631,3,2,295.00,590.00
1551,632,2,4,220.00,880.00
1552,632,8,6,24.55,147.30
1553,632,23,1,184.73,184.73
1554,633,25,2,120.00,240.00
1555,633,5,4,445.00,1780.00
1556,634,4,4,370.00,1480.00
1557,634,24,1,280.00,280.00
1558,634,9,3,33.49,100.47
1559,635,10,4,45.68,182.72
1560,636,18,6,210.00,1260.00
1561,636,22,6,121.88,731.28
1562,637,6,2,520.00,1040.00
1563,637,18,4,210.00,840.00
1564,637,20,4,53.05,212.20
1565,637,6,5,520.00,2600.00
1566,638,24,3,280.00,840.00
1567,638,15,3,83.33,249.99
1568,639,17,3,154.32,462.96
1569,639,22,6,121.88,731.28
1570,640,27,2,253.72,507.44
1571,640,11,2,62.31,124.62
1572,640,1,1,145.00,145.00
1573,641,2,5,220.00,1100.00
1574,642,3,2,295.00,590.00
1575,642,4,3,370.00,1110.00
1576,643,13,5,45.00,225.00
1577,644,8,5,24.55,122.75
1578,645,18,5,210.00,1050.00
1579,645,3,6,295.00,1770.00
1580,645,27,3,253.72,761.16
1581,645,2,4,220.00,880.00
1582,646,30,4,780.00,3120.00
1583,646,4,1,370.00,370.00
1584,646,30,4,780.00,3120.00
1585,646,26,3,174.49,523.47
1586,647,29,5,536.43,2682.15
1587,647,21,4,80.41,321.64
1588,648,27,4,253.72,1014.88
1589,648,11,6,62.31,373.86
1590,649,24,2,280.00,560.00
1591,649,18,4,210.00,840.00
1592,649,15,6,83.33,499.98
1593,649,25,1,120.00,120.00
1594,650,23,1,184.73,184.73
1595,650,20,1,53.05,53.05
1596,651,1,5,145.00,725.00
1597,652,17,1,154.32,154.32
1598,653,5,1,445.00,445.00
1599,654,24,5,280.00,1400.00
1600,654,26,1,174.49,174.49
1601,654,4,2,370.00,740.00
1602,654,11,1,62.31,62.31
1603,655,22,2,121.88,243.76
1604,655,3,6,295.00,1770.00
1605,656,20,3,53.05,159.15
1606,657,13,6,45.00,270.00
1607,657,22,4,121.88,487.52
1608,658,3,5,295.00,1475.00
1609,658,21,4,80.41,321.64
1610,658,22,2,121.88,243.76
1611,659,18,2,210.00,420.00
1612,659,21,2,80.41,160.82
1613,660,24,2,280.00,560.00
1614,660,7,6,18.00,108.00
1615,660,1,5,145.00,725.00
1616,661,8,1,24.55,24.55
1617,661,19,1,35.00,35.00
1618,662,6,6,520.00,3120.00
1619,662,14,4,61.24,244.96
1620,662,19,4,35.00,140.00
1621,662,6,6,520.00,3120.00
1622,663,11,1,62.31,62.31
1623,663,17,2,154.32,308.64
1624,663,11,3,62.31,186.93
1625,664,4,1,370.00,370.00
1626,664,16,3,113.40,340.20
1627,664,5,5,445.00,2225.00
1628,665,4,5,370.00,1850.00
1629,666,20,3,53.05,159.15
1630,667,30,3,780.00,2340.00
1631,667,11,4,62.31,249.24
1632,667,19,1,35.00,35.00
1633,667,5,1,445.00,445.00
1634,668,5,1,445.00,445.00
1635,668,10,6,45.68,274.08
1636,668,14,3,61.24,183.72
1637,668,6,4,520.00,2080.00
1638,669,30,2,780.00,1560.00
1639,669,2,3,220.00,660.00
1640,669,29,6,536.43,3218.58
1641,669,29,1,536.43,536.43
1642,670,2,3,220.00,660.00
1643,670,7,2,18.00,36.00
1644,670,18,2,210.00,420.00
1645,670,20,4,53.05,212.20
1646,671,15,4,83.33,333.32
1647,671,2,1,220.00,220.00
1648,672,30,6,780.00,4680.00
1649,672,10,3,45.68,137.04
1650,673,26,4,174.49,697.96
1651,673,30,3,780.00,2340.00
1652,673,9,5,33.49,167.45
1653,673,6,2,520.00,1040.00
1654,674,29,4,536.43,2145.72
1655,674,24,2,280.00,560.00
1656,674,14,3,61.24,183.72
1657,674,22,3,121.88,365.64
1658,675,5,2,445.00,890.00
1659,676,4,3,370.00,1110.00
1660,676,10,5,45.68,228.40
1661,676,3,4,295.00,1180.00
1662,676,16,4,113.40,453.60
1663,677,1,1,145.00,145.00
1664,677,29,6,536.43,3218.58
1665,677,9,5,33.49,167.45
1666,678,8,2,24.55,49.10
1667,679,5,4,445.00,1780.00
1668,680,25,2,120.00,240.00
1669,680,6,5,520.00,2600.00
1670,680,20,1,53.05,53.05
1671,680,16,4,113.40,453.60
1672,681,6,3,520.00,1560.00
1673,681,19,3,35.00,105.00
1674,682,17,6,154.32,925.92
1675,683,9,3,33.49,100.47
1676,684,30,2,780.00,1560.00
1677,684,16,4,113.40,453.60
1678,684,11,6,62.31,373.86
1679,684,12,3,85.00,255.00
1680,685,19,6,35.00,210.00
1681,685,9,4,33.49,133.96
1682,685,30,1,780.00,780.00
1683,686,23,5,184.73,923.65
1684,686,21,6,80.41,482.46
1685,687,29,5,536.43,2682.15
1686,687,2,1,220.00,220.00
1687,687,28,3,368.92,1106.76
1688,688,3,3,295.00,885.00
1689,688,3,6,295.00,1770.00
1690,688,16,5,113.40,567.00
1691,688,30,6,780.00,4680.00
1692,689,7,1,18.00,18.00
1693,689,16,3,113.40,340.20
1694,689,28,1,368.92,368.92
1695,690,21,5,80.41,402.05
1696,690,7,6,18.00,108.00
1697,690,2,4,220.00,880.00
1698,691,15,2,83.33,166.66
1699,692,25,4,120.00,480.00
1700,692,16,5,113.40,567.00
1701,692,18,5,210.00,1050.00
1702,693,21,5,80.41,402.05
1703,693,13,6,45.00,270.00
1704,693,4,5,370.00,1850.00
1705,693,9,4,33.49,133.96
1706,694,14,5,61.24,306.20
1707,695,28,2,368.92,737.84
1708,695,26,3,174.49,523.47
1709,695,20,6,53.05,318.30
1710,696,27,2,253.72,507.44
1711,696,30,1,780.00,780.00
1712,696,3,5,295.00,1475.00
1713,697,14,2,61.24,122.48
1714,697,19,5,35.00,175.00
1715,697,16,4,113.40,453.60
1716,698,29,5,536.43,2682.15
1717,699,22,1,121.88,121.88
1718,699,8,6,24.55,147.30
1719,700,11,2,62.31,124.62
1720,701,6,6,520.00,3120.00
1721,701,28,6,368.92,2213.52
1722,701,27,5,253.72,1268.60
1723,701,28,3,368.92,1106.76
1724,702,9,6,33.49,200.94
1725,702,23,6,184.73,1108.38
1726,703,1,4,145.00,580.00
1727,704,7,5,18.00,90.00
1728,704,11,6,62.31,373.86
1729,704,10,4,45.68,182.72
1730,705,28,3,368.92,1106.76
1731,706,15,2,83.33,166.66
1732,706,1,5,145.00,725.00
1733,706,3,3,295.00,885.00
1734,706,27,6,253.72,1522.32
1735,707,10,3,45.68,137.04
1736,708,29,5,536.43,2682.15
1737,708,1,4,145.00,580.00
1738,709,21,3,80.41,241.23
1739,709,25,6,120.00,720.00
1740,709,15,2,83.33,166.66
1741,709,17,4,154.32,617.28
1742,710,27,5,253.72,1268.60
1743,710,4,3,370.00,1110.00
1744,711,24,1,280.00,280.00
1745,712,21,2,80.41,160.82
1746,712,22,2,121.88,243.76
1747,713,20,3,53.05,159.15
1748,713,8,4,24.55,98.20
1749,713,27,2,253.72,507.44
1750,714,9,1,33.49,33.49
1751,715,19,6,35.00,210.00
1752,715,18,1,210.00,210.00
1753,715,3,5,295.00,1475.00
1754,715,23,2,184.73,369.46
1755,716,23,4,184.73,738.92
1756,716,9,2,33.49,66.98
1757,717,24,3,280.00,840.00
1758,717,29,2,536.43,1072.86
1759,717,19,1,35.00,35.00
1760,718,3,6,295.00,1770.00
1761,718,29,6,536.43,3218.58
1762,718,25,5,120.00,600.00
1763,719,13,6,45.00,270.00
1764,719,9,1,33.49,33.49
1765,719,20,6,53.05,318.30
1766,719,13,3,45.00,135.00
1767,720,25,5,120.00,600.00
1768,720,12,2,85.00,170.00
1769,720,28,1,368.92,368.92
1770,720,3,4,295.00,1180.00
1771,721,1,6,145.00,870.00
1772,722,28,3,368.92,1106.76
1773,722,18,3,210.00,630.00
1774,722,29,4,536.43,2145.72
1775,722,7,1,18.00,18.00
1776,723,3,6,295.00,1770.00
1777,723,25,6,120.00,720.00
1778,723,19,4,35.00,140.00
1779,723,12,3,85.00,255.00
1780,724,23,2,184.73,369.46
1781,724,3,1,295.00,295.00
1782,724,13,2,45.00,90.00
1783,724,23,1,184.73,184.73
1784,725,1,5,145.00,725.00
1785,725,9,4,33.49,133.96
1786,726,10,3,45.68,137.04
1787,726,9,5,33.49,167.45
1788,726,4,1,370.00,370.00
1789,726,10,4,45.68,182.72
1790,727,12,6,85.00,510.00
1791,727,9,3,33.49,100.47
1792,727,26,5,174.49,872.45
1793,727,16,1,113.40,113.40
1794,728,24,5,280.00,1400.00
1795,729,9,5,33.49,167.45
1796,729,30,4,780.00,3120.00
1797,730,10,6,45.68,274.08
1798,730,15,1,83.33,83.33
1799,731,12,3,85.00,255.00
1800,731,16,6,113.40,680.40
1801,732,21,6,80.41,482.46
1802,733,27,2,253.72,507.44
1803,733,17,5,154.32,771.60
1804,733,18,2,210.00,420.00
1805,734,7,5,18.00,90.00
1806,735,28,5,368.92,1844.60
1807,735,15,2,83.33,166.66
1808,735,17,1,154.32,154.32
1809,736,30,3,780.00,2340.00
1810,736,29,4,536.43,2145.72
1811,736,12,1,85.00,85.00
1812,736,23,2,184.73,369.46
1813,737,26,5,174.49,872.45
1814,738,6,6,520.00,3120.00
1815,738,29,5,536.43,2682.15
1816,739,5,6,445.00,2670.00
1817,739,10,5,45.68,228.40
1818,740,23,5,184.73,923.65
1819,741,16,1,113.40,113.40
1820,741,15,4,83.33,333.32
1821,742,17,4,154.32,617.28
1822,742,3,4,295.00,1180.00
1823,743,19,3,35.00,105.00
1824,743,23,3,184.73,554.19
1825,744,23,3,184.73,554.19
1826,745,13,3,45.00,135.00
1827,745,9,5,33.49,167.45
1828,745,21,2,80.41,160.82
1829,745,3,5,295.00,1475.00
1830,746,18,2,210.00,420.00
1831,747,19,1,35.00,35.00
1832,748,18,1,210.00,210.00
1833,748,28,2,368.92,737.84
1834,749,8,6,24.55,147.30
1835,749,30,6,780.00,4680.00
1836,749,28,2,368.92,737.84
1837,750,7,2,18.00,36.00
1838,750,7,3,18.00,54.00
1839,750,28,2,368.92,737.84
1840,751,3,2,295.00,590.00
1841,751,1,1,145.00,145.00
1842,751,12,3,85.00,255.00
1843,751,22,5,121.88,609.40
1844,752,3,3,295.00,885.00
1845,752,19,1,35.00,35.00
1846,752,8,2,24.55,49.10
1847,753,19,5,35.00,175.00
1848,753,13,1,45.00,45.00
1849,753,12,6,85.00,510.00
1850,754,11,6,62.31,373.86
1851,754,7,2,18.00,36.00
1852,755,16,6,113.40,680.40
1853,755,4,4,370.00,1480.00
1854,756,21,6,80.41,482.46
1855,757,7,5,18.00,90.00
1856,757,29,1,536.43,536.43
1857,758,15,2,83.33,166.66
1858,758,23,4,184.73,738.92
1859,758,26,1,174.49,174.49
1860,758,3,4,295.00,1180.00
1861,759,13,2,45.00,90.00
1862,760,15,4,83.33,333.32
1863,760,16,4,113.40,453.60
1864,760,7,6,18.00,108.00
1865,761,25,1,120.00,120.00
1866,761,21,1,80.41,80.41
1867,762,23,5,184.73,923.65
1868,762,10,3,45.68,137.04
1869,762,30,1,780.00,780.00
1870,763,7,5,18.00,90.00
1871,763,26,1,174.49,174.49
1872,763,25,2,120.00,240.00
1873,764,14,3,61.24,183.72
1874,764,16,2,113.40,226.80
1875,764,22,2,121.88,243.76
1876,764,15,2,83.33,166.66
1877,765,28,5,368.92,1844.60
1878,766,22,4,121.88,487.52
1879,767,2,5,220.00,1100.00
1880,767,12,5,85.00,425.00
1881,767,7,1,18.00,18.00
1882,768,17,4,154.32,617.28
1883,768,14,3,61.24,183.72
1884,768,16,5,113.40,567.00
1885,768,13,2,45.00,90.00
1886,769,3,1,295.00,295.00
1887,769,16,4,113.40,453.60
1888,769,16,2,113.40,226.80
1889,770,30,4,780.00,3120.00
1890,770,9,3,33.49,100.47
1891,771,20,2,53.05,106.10
1892,771,14,1,61.24,61.24
1893,772,4,5,370.00,1850.00
1894,772,17,5,154.32,771.60
1895,773,24,1,280.00,280.00
1896,774,1,6,145.00,870.00
1897,774,6,5,520.00,2600.00
1898,775,23,2,184.73,369.46
1899,776,3,3,295.00,885.00
1900,776,26,6,174.49,1046.94
1901,776,4,4,370.00,1480.00
1902,776,15,5,83.33,416.65
1903,777,8,3,24.55,73.65
1904,778,17,5,154.32,771.60
1905,778,14,4,61.24,244.96
1906,779,17,4,154.32,617.28
1907,779,6,6,520.00,3120.00
1908,780,22,4,121.88,487.52
1909,780,9,5,33.49,167.45
1910,780,20,5,53.05,265.25
1911,781,11,4,62.31,249.24
1912,781,16,6,113.40,680.40
1913,781,2,2,220.00,440.00
1914,781,26,1,174.49,174.49
1915,782,30,1,780.00,780.00
1916,782,29,4,536.43,2145.72
1917,782,16,3,113.40,340.20
1918,782,7,1,18.00,18.00
1919,783,19,5,35.00,175.00
1920,784,17,1,154.32,154.32
1921,784,10,5,45.68,228.40
1922,785,29,1,536.43,536.43
1923,785,28,1,368.92,368.92
1924,786,15,2,83.33,166.66
1925,786,19,5,35.00,175.00
1926,786,14,2,61.24,122.48
1927,787,16,6,113.40,680.40
1928,787,14,2,61.24,122.48
1929,787,9,3,33.49,100.47
1930,787,26,1,174.49,174.49
1931,788,27,3,253.72,761.16
1932,788,28,4,368.92,1475.68
1933,788,9,1,33.49,33.49
1934,788,21,4,80.41,321.64
1935,789,25,6,120.00,720.00
1936,789,13,1,45.00,45.00
1937,789,8,3,24.55,73.65
1938,789,1,4,145.00,580.00
1939,790,6,3,520.00,1560.00
1940,790,24,5,280.00,1400.00
1941,790,30,1,780.00,780.00
1942,791,21,6,80.41,482.46
1943,791,29,5,536.43,2682.15
1944,792,27,1,253.72,253.72
1945,792,11,1,62.31,62.31
1946,792,26,2,174.49,348.98
1947,792,26,3,174.49,523.47
1948,793,1,6,145.00,870.00
1949,793,2,3,220.00,660.00
1950,794,25,5,120.00,600.00
1951,794,5,6,445.00,2670.00
1952,795,20,5,53.05,265.25
1953,796,20,3,53.05,159.15
1954,796,18,2,210.00,420.00
1955,796,22,4,121.88,487.52
1956,797,27,5,253.72,1268.60
1957,797,21,2,80.41,160.82
1958,798,20,4,53.05,212.20
1959,798,25,4,120.00,480.00
1960,799,12,4,85.00,340.00
1961,799,23,1,184.73,184.73
1962,800,9,5,33.49,167.45
1963,801,12,1,85.00,85.00
1964,802,8,3,24.55,73.65
1965,803,21,1,80.41,80.41
1966,804,19,5,35.00,175.00
1967,804,9,1,33.49,33.49
1968,804,1,5,145.00,725.00
1969,805,18,6,210.00,1260.00
1970,805,13,1,45.00,45.00
1971,805,2,2,220.00,440.00
1972,806,2,6,220.00,1320.00
1973,806,3,4,295.00,1180.00
1974,806,25,5,120.00,600.00
1975,806,10,3,45.68,137.04
1976,807,19,3,35.00,105.00
1977,808,26,2,174.49,348.98
1978,808,10,3,45.68,137.04
1979,809,6,4,520.00,2080.00
1980,810,17,2,154.32,308.64
1981,811,10,4,45.68,182.72
1982,812,19,1,35.00,35.00
1983,812,26,1,174.49,174.49
1984,813,11,6,62.31,373.86
1985,814,17,2,154.32,308.64
1986,814,13,3,45.00,135.00
1987,815,15,4,83.33,333.32
1988,815,6,5,520.00,2600.00
1989,816,3,1,295.00,295.00
1990,817,18,3,210.00,630.00
1991,817,11,6,62.31,373.86
1992,817,14,4,61.24,244.96
1993,818,13,2,45.00,90.00
1994,818,26,4,174.49,697.96
1995,819,8,1,24.55,24.55
1996,819,28,6,368.92,2213.52
1997,820,30,1,780.00,780.00
1998,820,26,3,174.49,523.47
1999,820,3,6,295.00,1770.00
2000,820,7,2,18.00,36.00
2001,821,16,6,113.40,680.40
2002,821,7,6,18.00,108.00
2003,821,3,2,295.00,590.00
2004,822,19,4,35.00,140.00
2005,823,24,1,280.00,280.00
2006,823,17,1,154.32,154.32
2007,823,11,3,62.31,186.93
2008,823,9,3,33.49,100.47
2009,824,13,3,45.00,135.00
2010,825,11,6,62.31,373.86
2011,825,5,5,445.00,2225.00
2012,826,3,2,295.00,590.00
2013,826,10,3,45.68,137.04
2014,826,1,6,145.00,870.00
2015,827,15,1,83.33,83.33
2016,827,13,1,45.00,45.00
2017,827,8,4,24.55,98.20
2018,827,25,5,120.00,600.00
2019,828,15,3,83.33,249.99
2020,828,29,3,536.43,1609.29
2021,828,15,6,83.33,499.98
2022,829,7,3,18.00,54.00
2023,829,30,1,780.00,780.00
2024,830,9,5,33.49,167.45
2025,830,9,4,33.49,133.96
2026,830,22,1,121.88,121.88
2027,830,27,4,253.72,1014.88
2028,831,29,5,536.43,2682.15
2029,831,30,4,780.00,3120.00
2030,832,14,4,61.24,244.96
2031,832,20,5,53.05,265.25
2032,832,30,5,780.00,3900.00
2033,833,27,1,253.72,253.72
2034,833,21,5,80.41,402.05
2035,833,27,6,253.72,1522.32
2036,834,20,2,53.05,106.10
2037,834,14,5,61.24,306.20
2038,835,5,5,445.00,2225.00
2039,835,23,6,184.73,1108.38
2040,836,30,5,780.00,3900.00
2041,836,7,3,18.00,54.00
2042,836,20,3,53.05,159.15
2043,836,4,4,370.00,1480.00
2044,837,5,6,445.00,2670.00
2045,837,15,3,83.33,249.99
2046,838,9,5,33.49,167.45
2047,838,1,4,145.00,580.00
2048,838,19,4,35.00,140.00
2049,839,17,6,154.32,925.92
2050,839,27,3,253.72,761.16
2051,840,7,3,18.00,54.00
2052,840,1,2,145.00,290.00
2053,841,25,5,120.00,600.00
2054,841,14,5,61.24,306.20
2055,842,26,4,174.49,697.96
2056,842,27,4,253.72,1014.88
2057,842,27,1,253.72,253.72
2058,843,21,2,80.41,160.82
2059,843,26,1,174.49,174.49
2060,844,6,5,520.00,2600.00
2061,844,14,3,61.24,183.72
2062,844,1,3,145.00,435.00
2063,845,3,3,295.00,885.00
2064,845,11,1,62.31,62.31
2065,845,18,2,210.00,420.00
2066,846,7,4,18.00,72.00
2067,846,4,5,370.00,1850.00
2068,847,24,4,280.00,1120.00
2069,847,20,6,53.05,318.30
2070,848,15,6,83.33,499.98
2071,848,25,4,120.00,480.00
2072,848,14,1,61.24,61.24
2073,848,30,5,780.00,3900.00
2074,849,16,1,113.40,113.40
2075,849,6,6,520.00,3120.00
2076,850,5,6,445.00,2670.00
2077,850,29,3,536.43,1609.29
2078,850,10,3,45.68,137.04
2079,851,19,4,35.00,140.00
2080,851,30,2,780.00,1560.00
2081,851,14,3,61.24,183.72
2082,852,22,3,121.88,365.64
2083,852,14,1,61.24,61.24
2084,852,30,5,780.00,3900.00
2085,852,4,2,370.00,740.00
2086,853,28,6,368.92,2213.52
2087,854,26,1,174.49,174.49
2088,854,21,2,80.41,160.82
2089,854,14,1,61.24,61.24
2090,854,24,2,280.00,560.00
2091,855,27,2,253.72,507.44
2092,855,26,1,174.49,174.49
2093,855,25,5,120.00,600.00
2094,855,27,2,253.72,507.44
2095,856,5,4,445.00,1780.00
2096,856,4,1,370.00,370.00
2097,856,17,3,154.32,462.96
2098,857,21,4,80.41,321.64
2099,857,27,4,253.72,1014.88
2100,857,29,4,536.43,2145.72
2101,858,24,2,280.00,560.00
2102,858,14,2,61.24,122.48
2103,858,26,3,174.49,523.47
2104,858,28,6,368.92,2213.52
2105,859,9,3,33.49,100.47
2106,860,5,4,445.00,1780.00
2107,860,14,5,61.24,306.20
2108,861,7,4,18.00,72.00
2109,861,28,1,368.92,368.92
2110,861,2,1,220.00,220.00
2111,861,26,6,174.49,1046.94
2112,862,13,6,45.00,270.00
2113,862,4,2,370.00,740.00
2114,862,26,1,174.49,174.49
2115,862,4,3,370.00,1110.00
2116,863,27,1,253.72,253.72
2117,863,13,4,45.00,180.00
2118,863,7,2,18.00,36.00
2119,864,14,3,61.24,183.72
2120,864,21,5,80.41,402.05
2121,864,4,3,370.00,1110.00
2122,864,12,2,85.00,170.00
2123,865,12,3,85.00,255.00
2124,865,4,1,370.00,370.00
2125,865,16,5,113.40,567.00
2126,866,23,1,184.73,184.73
2127,866,1,1,145.00,145.00
2128,867,11,1,62.31,62.31
2129,867,28,3,368.92,1106.76
2130,867,8,1,24.55,24.55
2131,868,10,3,45.68,137.04
2132,868,7,6,18.00,108.00
2133,868,11,2,62.31,124.62
2134,868,13,1,45.00,45.00
2135,869,18,3,210.00,630.00
2136,869,4,5,370.00,1850.00
2137,869,4,6,370.00,2220.00
2138,869,1,3,145.00,435.00
2139,870,2,5,220.00,1100.00
2140,870,22,5,121.88,609.40
2141,870,22,6,121.88,731.28
2142,871,7,5,18.00,90.00
2143,871,2,5,220.00,1100.00
2144,872,22,1,121.88,121.88
2145,872,15,6,83.33,499.98
2146,872,2,5,220.00,1100.00
2147,872,8,1,24.55,24.55
2148,873,15,3,83.33,249.99
2149,873,8,2,24.55,49.10
2150,873,11,4,62.31,249.24
2151,873,6,4,520.00,2080.00
2152,874,14,5,61.24,306.20
2153,874,24,6,280.00,1680.00
2154,875,25,2,120.00,240.00
2155,875,17,3,154.32,462.96
2156,875,9,1,33.49,33.49
2157,875,18,6,210.00,1260.00
2158,876,27,3,253.72,761.16
2159,877,26,4,174.49,697.96
2160,878,8,3,24.55,73.65
2161,878,19,1,35.00,35.00
2162,878,28,4,368.92,1475.68
2163,879,2,5,220.00,1100.00
2164,879,6,2,520.00,1040.00
2165,879,1,5,145.00,725.00
2166,879,19,3,35.00,105.00
2167,880,22,1,121.88,121.88
2168,881,10,3,45.68,137.04
2169,881,17,1,154.32,154.32
2170,882,26,4,174.49,697.96
2171,882,29,1,536.43,536.43
2172,882,14,4,61.24,244.96
2173,883,23,5,184.73,923.65
2174,884,28,1,368.92,368.92
2175,884,29,5,536.43,2682.15
2176,885,10,1,45.68,45.68
2177,886,25,3,120.00,360.00
2178,886,30,2,780.00,1560.00
2179,887,25,4,120.00,480.00
2180,887,25,6,120.00,720.00
2181,888,29,4,536.43,2145.72
2182,888,5,5,445.00,2225.00
2183,888,17,4,154.32,617.28
2184,889,18,3,210.00,630.00
2185,889,20,3,53.05,159.15
2186,890,24,6,280.00,1680.00
2187,890,7,6,18.00,108.00
2188,890,21,3,80.41,241.23
2189,891,24,5,280.00,1400.00
2190,891,24,3,280.00,840.00
2191,891,12,4,85.00,340.00
2192,891,1,2,145.00,290.00
2193,892,20,1,53.05,53.05
2194,892,12,1,85.00,85.00
2195,892,21,2,80.41,160.82
2196,892,2,6,220.00,1320.00
2197,893,3,3,295.00,885.00
2198,894,8,4,24.55,98.20
2199,895,20,5,53.05,265.25
2200,895,30,4,780.00,3120.00
2201,895,6,6,520.00,3120.00
2202,895,25,5,120.00,600.00
2203,896,5,3,445.00,1335.00
2204,896,17,1,154.32,154.32
2205,896,8,4,24.55,98.20
2206,896,1,5,145.00,725.00
2207,897,3,5,295.00,1475.00
2208,898,9,2,33.49,66.98
2209,899,25,2,120.00,240.00
2210,899,22,5,121.88,609.40
2211,899,21,2,80.41,160.82
2212,900,17,3,154.32,462.96
2213,900,13,1,45.00,45.00
2214,900,21,2,80.41,160.82
2215,901,1,6,145.00,870.00
2216,901,29,4,536.43,2145.72
2217,902,11,4,62.31,249.24
2218,902,14,5,61.24,306.20
2219,902,24,6,280.00,1680.00
2220,902,29,5,536.43,2682.15
2221,903,23,6,184.73,1108.38
2222,903,15,2,83.33,166.66
2223,903,11,4,62.31,249.24
2224,903,8,1,24.55,24.55
2225,904,12,6,85.00,510.00
2226,904,15,1,83.33,83.33
2227,904,10,2,45.68,91.36
2228,905,12,6,85.00,510.00
2229,905,27,5,253.72,1268.60
2230,905,11,5,62.31,311.55
2231,906,29,6,536.43,3218.58
2232,906,9,3,33.49,100.47
2233,906,15,6,83.33,499.98
2234,906,18,1,210.00,210.00
2235,907,4,5,370.00,1850.00
2236,908,3,4,295.00,1180.00
2237,908,15,1,83.33,83.33
2238,908,1,2,145.00,290.00
2239,909,2,5,220.00,1100.00
2240,910,17,4,154.32,617.28
2241,910,25,5,120.00,600.00
2242,910,7,5,18.00,90.00
2243,911,15,2,83.33,166.66
2244,912,26,5,174.49,872.45
2245,912,16,5,113.40,567.00
2246,913,13,4,45.00,180.00
2247,914,18,4,210.00,840.00
2248,914,9,4,33.49,133.96
2249,915,20,3,53.05,159.15
2250,915,17,1,154.32,154.32
2251,916,16,2,113.40,226.80
2252,916,12,3,85.00,255.00
2253,916,19,3,35.00,105.00
2254,916,30,6,780.00,4680.00
2255,917,8,5,24.55,122.75
2256,917,17,1,154.32,154.32
2257,917,6,1,520.00,520.00
2258,917,23,5,184.73,923.65
2259,918,11,2,62.31,124.62
2260,919,24,4,280.00,1120.00
2261,920,19,3,35.00,105.00
2262,920,15,4,83.33,333.32
2263,920,5,2,445.00,890.00
2264,921,14,6,61.24,367.44
2265,921,15,5,83.33,416.65
2266,921,13,5,45.00,225.00
2267,922,29,2,536.43,1072.86
2268,923,25,4,120.00,480.00
2269,923,27,1,253.72,253.72
2270,924,17,5,154.32,771.60
2271,924,16,6,113.40,680.40
2272,924,1,2,145.00,290.00
2273,924,22,5,121.88,609.40
2274,925,30,1,780.00,780.00
2275,925,22,2,121.88,243.76
2276,925,25,6,120.00,720.00
2277,925,7,6,18.00,108.00
2278,926,3,5,295.00,1475.00
2279,926,19,4,35.00,140.00
2280,926,14,6,61.24,367.44
2281,927,5,5,445.00,2225.00
2282,927,12,3,85.00,255.00
2283,928,12,4,85.00,340.00
2284,929,29,3,536.43,1609.29
2285,929,22,1,121.88,121.88
2286,929,24,6,280.00,1680.00
2287,929,12,3,85.00,255.00
2288,930,18,6,210.00,1260.00
2289,930,14,3,61.24,183.72
2290,930,27,4,253.72,1014.88
2291,931,29,2,536.43,1072.86
2292,932,13,6,45.00,270.00
2293,933,4,4,370.00,1480.00
2294,933,15,2,83.33,166.66
2295,933,30,4,780.00,3120.00
2296,933,14,3,61.24,183.72
2297,934,21,6,80.41,482.46
2298,935,4,3,370.00,1110.00
2299,935,20,3,53.05,159.15
2300,935,23,1,184.73,184.73
2301,936,23,6,184.73,1108.38
2302,936,3,6,295.00,1770.00
2303,936,5,1,445.00,445.00
2304,936,26,1,174.49,174.49
2305,937,3,6,295.00,1770.00
2306,937,29,4,536.43,2145.72
2307,937,23,3,184.73,554.19
2308,937,6,5,520.00,2600.00
2309,938,14,2,61.24,122.48
2310,938,10,4,45.68,182.72
2311,938,15,4,83.33,333.32
2312,938,14,6,61.24,367.44
2313,939,23,3,184.73,554.19
2314,939,13,6,45.00,270.00
2315,940,28,1,368.92,368.92
2316,941,5,5,445.00,2225.00
2317,941,4,5,370.00,1850.00
2318,942,13,4,45.00,180.00
2319,943,10,3,45.68,137.04
2320,943,4,4,370.00,1480.00
2321,943,18,3,210.00,630.00
2322,944,2,2,220.00,440.00
2323,945,12,1,85.00,85.00
2324,945,6,5,520.00,2600.00
2325,946,30,5,780.00,3900.00
2326,946,8,2,24.55,49.10
2327,947,25,1,120.00,120.00
2328,947,5,2,445.00,890.00
2329,947,23,4,184.73,738.92
2330,947,16,5,113.40,567.00
2331,948,6,6,520.00,3120.00
2332,948,11,4,62.31,249.24
2333,948,2,4,220.00,880.00
2334,949,16,2,113.40,226.80
2335,949,24,2,280.00,560.00
2336,950,7,4,18.00,72.00
2337,950,30,3,780.00,2340.00
2338,951,18,2,210.00,420.00
2339,951,24,3,280.00,840.00
2340,951,14,5,61.24,306.20
2341,952,28,2,368.92,737.84
2342,952,11,2,62.31,124.62
2343,952,30,6,780.00,4680.00
2344,952,28,5,368.92,1844.60
2345,953,16,5,113.40,567.00
2346,953,8,1,24.55,24.55
2347,953,9,4,33.49,133.96
2348,953,13,5,45.00,225.00
2349,954,21,2,80.41,160.82
2350,955,16,5,113.40,567.00
2351,955,29,2,536.43,1072.86
2352,955,18,4,210.00,840.00
2353,955,12,6,85.00,510.00
2354,956,27,5,253.72,1268.60
2355,957,5,2,445.00,890.00
2356,957,2,4,220.00,880.00
2357,957,22,4,121.88,487.52
2358,958,29,1,536.43,536.43
2359,959,3,4,295.00,1180.00
2360,959,23,1,184.73,184.73
2361,959,6,4,520.00,2080.00
2362,959,13,4,45.00,180.00
2363,960,19,1,35.00,35.00
2364,961,25,5,120.00,600.00
2365,961,25,5,120.00,600.00
2366,961,12,1,85.00,85.00
2367,961,10,1,45.68,45.68
2368,962,15,6,83.33,499.98
2369,963,17,1,154.32,154.32
2370,963,1,2,145.00,290.00
2371,963,17,1,154.32,154.32
2372,964,27,5,253.72,1268.60
2373,965,21,1,80.41,80.41
2374,965,30,4,780.00,3120.00
2375,966,8,3,24.55,73.65
2376,966,11,4,62.31,249.24
2377,966,13,4,45.00,180.00
2378,967,4,3,370.00,1110.00
2379,968,29,3,536.43,1609.29
2380,968,22,3,121.88,365.64
2381,968,14,1,61.24,61.24
2382,968,27,3,253.72,761.16
2383,969,30,6,780.00,4680.00
2384,969,25,4,120.00,480.00
2385,969,2,2,220.00,440.00
2386,969,27,1,253.72,253.72
2387,970,26,3,174.49,523.47
2388,970,16,4,113.40,453.60
2389,970,17,1,154.32,154.32
2390,971,13,5,45.00,225.00
2391,971,18,3,210.00,630.00
2392,971,23,5,184.73,923.65
2393,972,20,3,53.05,159.15
2394,973,6,6,520.00,3120.00
2395,973,22,5,121.88,609.40
2396,974,28,4,368.92,1475.68
2397,975,26,6,174.49,1046.94
2398,975,19,2,35.00,70.00
2399,975,24,4,280.00,1120.00
2400,975,10,2,45.68,91.36
2401,976,11,4,62.31,249.24
2402,976,28,3,368.92,1106.76
2403,976,23,6,184.73,1108.38
2404,976,21,2,80.41,160.82
2405,977,15,6,83.33,499.98
2406,977,4,3,370.00,1110.00
2407,977,1,3,145.00,435.00
2408,977,20,3,53.05,159.15
2409,978,9,2,33.49,66.98
2410,978,13,6,45.00,270.00
2411,978,15,2,83.33,166.66
2412,979,19,3,35.00,105.00
2413,980,12,1,85.00,85.00
2414,980,16,6,113.40,680.40
2415,980,29,2,536.43,1072.86
2416,981,25,6,120.00,720.00
2417,981,18,4,210.00,840.00
2418,981,3,1,295.00,295.00
2419,981,6,6,520.00,3120.00
2420,982,11,6,62.31,373.86
2421,983,8,2,24.55,49.10
2422,983,5,6,445.00,2670.00
2423,983,1,5,145.00,725.00
2424,983,30,2,780.00,1560.00
2425,984,16,4,113.40,453.60
2426,984,10,2,45.68,91.36
2427,985,12,2,85.00,170.00
2428,985,27,5,253.72,1268.60
2429,986,11,2,62.31,124.62
2430,987,7,3,18.00,54.00
2431,987,12,3,85.00,255.00
2432,987,6,1,520.00,520.00
2433,987,6,2,520.00,1040.00
2434,988,15,2,83.33,166.66
2435,988,8,5,24.55,122.75
2436,989,2,6,220.00,1320.00
2437,989,7,6,18.00,108.00
2438,990,21,5,80.41,402.05
2439,990,10,3,45.68,137.04
2440,991,18,5,210.00,1050.00
2441,992,19,4,35.00,140.00
2442,992,12,4,85.00,340.00
2443,992,19,1,35.00,35.00
2444,992,26,2,174.49,348.98
2445,993,24,5,280.00,1400.00
2446,993,10,6,45.68,274.08
2447,993,3,2,295.00,590.00
2448,993,24,6,280.00,1680.00
2449,994,18,5,210.00,1050.00
2450,994,4,2,370.00,740.00
2451,994,13,5,45.00,225.00
2452,995,24,2,280.00,560.00
2453,995,19,2,35.00,70.00
2454,996,13,2,45.00,90.00
2455,996,4,4,370.00,1480.00
2456,997,13,1,45.00,45.00
2457,998,8,5,24.55,122.75
2458,998,20,4,53.05,212.20
2459,998,1,3,145.00,435.00
2460,999,7,3,18.00,54.00
2461,1000,8,4,24.55,98.20
2462,1000,27,4,253.72,1014.88
2463,1000,14,1,61.24,61.24
